<?xml version="1.0" encoding="UTF-8"?>
<project-private xmlns="http://www.netbeans.org/ns/project-private/1">
    <editor-bookmarks xmlns="http://www.netbeans.org/ns/editor-bookmarks/2" lastBookmarkId="0"/>
    <open-files xmlns="http://www.netbeans.org/ns/projectui-open-files/2">
        <group>
            <file>file:/C:/Users/Garima/Documents/NetBeansProjects/Tastytales/src/main/TastytalesApp.java</file>
            <file>file:/C:/Users/Garima/Documents/NetBeansProjects/Tastytales/src/main/ui/LoginPanel.java</file>
            <file>file:/C:/Users/Garima/Documents/NetBeansProjects/Tastytales/src/main/ui/ProfileSetupFrame.java</file>
            <file>file:/C:/Users/Garima/Documents/NetBeansProjects/Tastytales/src/main/ui/DashboardFrame.java</file>
            <file>file:/C:/Users/Garima/Documents/NetBeansProjects/Tastytales/src/main/ui/RegisterPanel.java</file>
        </group>
    </open-files>
</project-private>
